group,key,score,lag,prediction
H1,H2,65.27964236241766,3,1
H1,H7,74.35429484076424,1,1
I1,I2,19.967560012384602,6,1
J1,J2,37.077511908549226,5,1
J1,J7,12.821040910391634,7,1
J1,J10,15.725837528059445,1,1
J1,J16,12.773385150543195,3,1
J1,J17,17.392691644186986,2,1
J1,J24,11.853101945898445,1,1
J1,J29,18.938037844541885,2,1
